{"cameraMode":{"drawMode":0,"name":"Shaded","section":"Shading Mode"},"sceneLighting":true,"audioPlay":false,"sceneViewState":{"m_AlwaysRefresh":false,"showFog":true,"showSkybox":false,"showFlares":true,"showImageEffects":true,"showParticleSystems":true,"showVisualEffectGraphs":true,"m_FxEnabled":true},"in2DMode":false,"pivot":{"x":-0.5180501937866211,"y":-0.26266956329345705,"z":-1.5174293518066407},"rotation":{"x":-0.20379942655563355,"y":0.0724669098854065,"z":-0.015128486789762974,"w":-0.9762111902236939},"size":6.934351921081543,"orthographic":false}