{"cameraMode":{"drawMode":0,"name":"Shaded","section":"Shading Mode"},"sceneLighting":true,"audioPlay":false,"sceneViewState":{"m_AlwaysRefresh":false,"showFog":true,"showSkybox":false,"showFlares":true,"showImageEffects":true,"showParticleSystems":true,"showVisualEffectGraphs":true,"m_FxEnabled":true},"in2DMode":false,"pivot":{"x":-10.818255424499512,"y":12.165495872497559,"z":-13.785711288452149},"rotation":{"x":-0.028903527185320855,"y":0.9023768305778503,"z":-0.06128353625535965,"w":-0.4255925118923187},"size":29.33489418029785,"orthographic":false}