{"cameraMode":{"drawMode":0,"name":"Shaded","section":"Shading Mode"},"sceneLighting":false,"audioPlay":false,"sceneViewState":{"m_AlwaysRefresh":false,"showFog":true,"showSkybox":false,"showFlares":true,"showImageEffects":true,"showParticleSystems":true,"showVisualEffectGraphs":true,"m_FxEnabled":true},"in2DMode":false,"pivot":{"x":0.09911251068115235,"y":0.20919868350028993,"z":-0.006123065948486328},"rotation":{"x":-0.24932876229286195,"y":-0.712452232837677,"z":0.3061762750148773,"w":-0.5801244378089905},"size":3.5679168701171877,"orthographic":false}