{"cameraMode":{"drawMode":0,"name":"Shaded","section":"Shading Mode"},"sceneLighting":true,"audioPlay":false,"sceneViewState":{"m_AlwaysRefresh":false,"showFog":true,"showSkybox":true,"showFlares":true,"showImageEffects":true,"showParticleSystems":true,"showVisualEffectGraphs":true,"m_FxEnabled":true},"in2DMode":false,"pivot":{"x":28.373048782348634,"y":13.077921867370606,"z":130.1927947998047},"rotation":{"x":0.2110712081193924,"y":0.17689180374145509,"z":-0.03889194503426552,"w":0.9605183601379395},"size":20.518047332763673,"orthographic":false}