{"cameraMode":{"drawMode":0,"name":"Shaded","section":"Shading Mode"},"sceneLighting":true,"audioPlay":false,"sceneViewState":{"m_AlwaysRefresh":false,"showFog":true,"showSkybox":true,"showFlares":true,"showImageEffects":true,"showParticleSystems":true,"showVisualEffectGraphs":true,"m_FxEnabled":true},"in2DMode":false,"pivot":{"x":105.866943359375,"y":0.8441619873046875,"z":-60.465667724609378},"rotation":{"x":-0.013531173579394818,"y":-0.9863497614860535,"z":0.12374886870384217,"w":-0.10783370584249497},"size":91.95143127441406,"orthographic":false}