{"cameraMode":{"drawMode":0,"name":"Shaded","section":"Shading Mode"},"sceneLighting":true,"audioPlay":false,"sceneViewState":{"m_AlwaysRefresh":false,"showFog":true,"showSkybox":true,"showFlares":true,"showImageEffects":true,"showParticleSystems":true,"showVisualEffectGraphs":true,"m_FxEnabled":true},"in2DMode":false,"pivot":{"x":-10.813043594360352,"y":3.5236315727233888,"z":11.35551643371582},"rotation":{"x":0.19772997498512269,"y":-0.7606525421142578,"z":0.22172357141971589,"w":0.5765524506568909},"size":19.461673736572267,"orthographic":false}